{
  "disabledIntegrations": [
    "citresewn",
    "continuity",
    "entity_texture_features",
    "iris",
    "lambdynlights",
    "entity_model_features"
  ],
  "enablePuzzleButton": false,
  "resourcepackSplashScreen": true,
  "unlimitedRotations": true,
  "biggerModels": true,
  "debugMessages": false,
  "hasCustomSplashScreen": true,
  "backgroundColor": -15658732,
  "progressBarColor": -1251879,
  "progressBarBackgroundColor": -9280165,
  "progressFrameColor": 16777215,
  "disableBlend": false,
  "customBlendFunction": []
}